Days,Temperature,Humidity,Ratio,Compost_Volume,Residual_Rate,CO2_Release,Tensile_Strength
103,47.3,93.9,40.2,1.87,72.73,23.06,13.59
180,41.2,49.6,29.3,1.4,79.7,17.76,19.11
93,27.6,40.9,26.4,1.93,92.07,8.0,30.79
15,35.2,82.0,30.1,2.3,92.27,8.47,32.96
107,34.9,84.4,32.0,1.75,85.06,13.06,21.9
72,52.9,59.0,26.6,1.58,83.73,13.92,21.31
189,53.5,65.6,80.3,1.38,55.0,37.97,6.48
21,30.9,75.7,70.6,1.65,93.39,7.13,32.16
103,64.9,42.6,13.8,1.21,71.22,23.99,13.26
122,35.7,92.2,31.5,1.28,82.28,14.98,19.69
75,64.1,88.8,11.8,1.56,59.71,33.06,8.29
88,41.4,54.3,49.9,0.63,87.06,11.9,24.79
117,26.3,40.8,48.1,0.96,91.68,8.23,30.11
100,38.8,91.3,76.5,1.59,80.33,17.58,20.71
104,50.4,67.6,34.6,1.36,75.7,20.96,17.33
152,52.2,69.7,75.3,1.17,62.88,31.06,8.83
131,46.2,77.6,87.4,1.96,71.74,24.26,13.79
150,42.9,73.9,17.1,1.89,75.3,20.77,14.79
53,47.1,91.9,73.3,0.83,86.56,11.31,22.94
2,48.7,91.9,57.2,2.26,95.08,5.6,33.11
88,28.2,87.7,48.4,1.49,88.9,10.29,26.64
158,39.8,75.0,43.6,1.98,77.03,19.44,16.03
38,34.7,84.1,72.8,1.65,90.84,9.19,30.6
130,57.1,77.2,61.1,2.5,56.94,35.38,8.11
192,43.8,71.5,74.4,2.0,67.4,27.6,11.88
188,64.3,47.1,82.3,1.91,55.0,41.77,4.09
21,41.0,84.6,59.4,2.06,92.41,7.72,30.67
161,57.7,85.1,88.4,0.79,55.0,42.36,3.7
58,56.9,74.4,58.6,0.91,81.27,15.53,17.36
22,31.0,85.1,60.9,1.93,93.25,7.17,32.92
89,45.3,75.8,54.4,1.49,82.98,14.32,18.85
49,52.8,51.4,17.3,2.01,88.18,10.81,26.52
59,59.3,55.1,68.1,0.71,82.18,15.44,20.91
170,38.0,51.8,53.8,1.57,83.12,14.7,20.48
188,33.8,60.7,46.1,1.26,83.06,14.51,20.3
15,53.4,42.1,82.8,1.41,91.13,9.63,32.22
190,57.4,74.0,33.8,1.71,55.0,40.68,4.29
190,38.9,58.5,51.9,1.5,80.07,16.63,18.1
175,28.8,76.1,65.8,1.58,82.5,15.66,21.3
190,62.6,61.2,73.7,1.47,55.0,42.06,3.49
51,40.9,77.5,46.7,1.32,90.04,9.04,26.34
108,45.7,58.7,77.4,2.04,80.6,17.37,20.28
55,58.5,54.3,71.5,0.52,83.2,14.88,21.37
64,52.0,67.3,15.3,1.7,84.03,13.71,20.39
131,54.4,78.1,13.7,1.63,60.49,32.88,8.74
51,33.4,59.2,59.7,1.93,90.26,10.06,30.15
135,46.7,91.5,37.8,1.7,66.37,28.42,10.93
21,52.8,42.2,26.7,2.15,91.44,8.98,30.75
73,34.1,63.0,56.4,2.42,89.54,10.09,27.94
167,32.0,93.2,37.3,1.19,78.34,18.73,17.2
18,64.3,70.1,53.0,0.95,89.04,10.15,26.21
132,45.7,63.3,46.8,1.35,77.97,18.75,17.38
89,35.4,71.3,56.8,1.08,87.69,11.22,25.41
60,64.9,71.7,42.0,1.73,70.49,25.09,12.61
14,63.6,80.2,65.8,2.32,90.15,9.22,27.67
9,47.3,47.0,24.4,0.78,93.75,6.96,33.68
90,60.3,53.8,65.7,0.7,74.17,21.75,15.36
53,32.5,71.9,42.9,1.01,91.21,8.64,30.13
130,36.2,87.7,79.9,1.95,81.98,15.12,18.06
84,53.0,70.9,51.2,1.69,75.18,21.82,16.92
92,58.9,53.1,87.8,0.7,75.98,20.15,15.93
111,59.3,77.4,58.2,2.34,58.77,33.96,8.22
188,41.2,80.7,27.9,2.08,69.67,25.28,11.94
199,60.5,53.1,75.7,0.55,55.0,40.65,6.22
172,59.0,60.8,37.6,1.8,55.0,38.26,6.19
8,62.4,69.4,37.8,2.04,93.32,6.75,32.27
175,56.4,67.3,12.5,1.25,55.0,38.88,6.67
35,51.8,61.4,53.9,0.64,88.94,10.51,27.35
81,48.2,56.4,52.8,0.65,85.15,13.02,21.93
164,39.9,45.5,38.5,0.71,84.8,13.08,21.44
50,62.6,42.9,81.5,2.18,83.61,14.99,22.47
104,63.9,92.7,20.3,2.32,55.0,41.64,3.65
132,36.4,86.6,36.4,0.75,81.79,15.26,19.0
2,37.2,59.5,35.7,0.97,93.25,7.87,35.55
134,44.4,92.6,17.4,0.83,70.79,24.36,12.46
54,42.9,77.2,48.5,0.87,85.91,13.46,26.54
106,64.8,66.5,65.0,2.17,55.8,36.26,6.25
4,32.0,67.1,50.9,1.16,93.5,7.53,35.11
54,25.7,44.6,22.6,1.12,94.93,5.2,33.22
191,44.8,45.0,40.2,0.95,79.38,17.2,16.94
146,32.2,73.1,10.2,1.72,83.44,14.82,21.66
44,39.7,70.5,79.5,1.26,90.48,9.23,29.15
162,54.8,51.7,16.8,1.99,64.72,30.17,11.27
190,53.8,92.0,57.8,0.91,55.0,42.92,2.5
14,37.3,83.0,88.9,2.08,93.24,7.3,32.31
95,46.7,46.2,52.9,1.71,84.81,13.9,23.34
48,45.4,91.2,83.9,0.73,86.05,12.71,23.32
15,50.5,93.6,28.9,1.33,91.82,8.1,29.7
190,35.0,94.8,70.8,2.23,73.6,21.98,13.2
40,48.6,43.1,52.5,2.35,93.3,6.17,29.21
82,64.2,80.5,67.6,1.43,59.43,33.45,7.98
111,44.5,70.0,15.0,1.46,81.39,15.61,18.61
53,61.2,78.8,21.8,2.34,73.99,22.79,15.73
24,42.4,93.3,20.6,1.67,92.0,7.78,29.89
154,39.0,77.8,65.0,0.57,77.99,18.52,16.69
188,50.8,86.0,77.6,2.33,55.0,37.43,6.13
124,51.8,87.7,70.0,1.0,63.23,30.6,10.06
41,59.6,86.1,12.4,1.66,81.51,15.68,19.22
157,34.2,63.4,79.4,0.83,82.7,15.53,22.96
15,45.0,52.2,38.3,0.57,93.23,7.31,32.93
45,47.9,61.8,41.8,1.12,89.26,9.97,27.96
65,55.7,89.1,18.4,2.06,75.17,20.99,15.34
89,26.7,48.1,69.0,1.06,91.19,8.93,30.22
71,64.8,68.2,24.6,0.94,68.24,26.55,11.43
9,43.8,52.8,55.1,0.93,93.33,7.48,34.45
88,36.2,72.0,77.3,1.53,86.27,12.77,25.61
129,60.3,87.5,17.1,2.45,55.0,41.42,4.77
136,54.9,88.4,52.8,1.42,55.0,36.82,7.15
63,63.1,53.0,28.7,1.61,79.63,17.1,16.74
139,38.2,89.9,37.4,2.22,77.58,18.97,15.68
81,47.1,72.6,47.9,1.57,82.17,15.56,20.76
136,47.9,59.3,38.4,0.87,77.73,18.47,15.84
163,64.2,78.9,61.9,1.1,55.0,43.5,2.4
163,28.0,66.5,48.4,1.12,86.38,12.18,23.28
33,37.2,60.8,56.7,1.29,92.58,7.6,32.02
123,32.6,78.8,68.9,1.35,85.94,12.2,21.72
5,35.7,53.7,54.6,2.1,94.73,6.07,33.81
41,44.4,58.2,56.9,1.2,90.34,9.44,29.49
28,39.9,63.9,55.2,1.44,92.52,7.65,29.82
135,40.8,54.0,40.3,1.75,84.41,13.44,21.43
72,58.8,62.3,37.0,1.26,76.91,19.75,16.38
12,62.2,71.4,82.0,2.17,90.91,9.01,29.11
162,27.8,80.8,58.6,1.67,85.79,12.12,21.79
33,33.4,82.2,29.5,1.09,91.71,8.49,30.36
48,51.8,85.3,49.9,1.93,82.14,16.22,22.26
151,39.3,80.9,36.4,1.56,76.26,20.28,16.95
62,35.2,77.5,84.7,1.57,91.2,7.92,26.95
37,36.8,53.1,10.6,1.46,92.39,7.87,31.48
99,37.9,62.0,28.0,1.49,88.76,9.65,23.65
172,58.9,66.3,39.2,2.03,55.0,43.16,5.57
104,30.5,44.6,49.0,0.71,89.08,10.99,29.48
35,53.4,69.1,78.1,1.17,88.97,9.92,25.5
193,47.1,64.0,17.0,0.65,68.19,26.03,10.95
101,36.9,84.1,74.5,2.01,85.24,12.67,21.63
175,41.8,93.8,14.5,1.04,65.88,28.54,9.9
131,35.2,70.6,77.4,2.29,85.94,11.82,22.41
1,49.5,57.7,14.1,1.55,94.52,6.38,34.4
5,28.3,42.4,11.5,2.1,94.6,6.28,34.35
142,25.2,90.9,65.8,2.46,86.13,12.34,23.24
103,50.1,90.6,89.8,2.18,69.9,25.42,13.12
27,32.8,53.9,81.7,2.23,94.18,6.19,32.44
137,27.8,78.2,56.1,1.32,87.46,10.98,22.84
15,40.9,44.1,83.4,1.6,93.72,6.95,33.0
90,27.0,49.1,10.4,1.01,92.26,7.61,30.26
42,60.5,51.9,88.0,0.89,85.6,13.01,24.55
124,26.1,56.2,49.3,1.51,90.13,9.37,27.2
179,48.2,94.8,67.8,1.69,55.0,39.08,5.86
63,42.5,78.3,75.7,1.18,86.39,12.39,23.43
96,51.9,61.1,67.5,1.64,77.85,19.18,16.54
52,38.1,80.5,52.8,2.27,89.58,9.79,27.82
96,31.2,90.3,48.1,1.61,86.98,11.71,24.96
132,64.3,92.7,77.1,1.94,55.0,43.5,2.4
151,58.6,43.2,26.4,2.11,68.59,26.29,11.56
143,59.4,61.7,87.4,2.48,56.86,35.7,8.43
171,35.0,45.9,66.9,1.71,86.53,11.89,23.48
29,26.6,58.5,26.0,2.11,93.77,6.77,33.6
36,37.1,49.3,68.9,2.43,93.71,6.41,31.36
13,46.5,75.6,52.4,2.39,93.57,6.69,32.02
160,38.1,61.4,66.6,0.78,82.55,14.77,18.83
71,58.1,52.6,71.4,1.31,80.7,16.74,19.34
187,35.9,54.6,17.0,1.15,81.9,15.93,20.33
86,63.6,59.8,50.5,0.67,67.89,26.95,11.15
28,43.3,54.3,84.6,1.77,92.2,8.02,30.66
66,58.7,64.9,35.7,1.97,78.43,18.32,17.86
170,32.8,41.8,57.5,2.2,88.75,10.03,26.24
45,41.5,55.4,39.5,0.75,90.51,9.44,29.22
62,53.0,62.6,46.3,2.25,83.67,14.41,21.48
185,30.5,73.2,53.9,1.79,84.18,13.16,20.27
134,30.3,54.9,53.9,1.91,88.91,10.12,26.03
28,63.8,47.3,26.1,2.32,89.68,9.33,25.43
28,53.6,44.2,64.8,1.75,91.89,7.97,30.01
108,26.6,91.7,17.0,1.17,88.44,10.32,23.99
44,41.0,62.9,21.1,2.15,90.98,8.73,28.53
84,42.3,72.0,10.2,1.23,85.52,12.64,22.61
30,54.8,90.6,19.3,0.57,87.26,11.31,24.36
190,35.0,44.6,47.9,2.16,84.6,13.85,22.24
75,32.4,88.2,58.5,1.19,88.22,10.94,25.75
128,28.2,70.3,73.5,2.05,88.59,10.2,24.87
92,42.1,49.1,18.5,1.23,88.43,10.37,25.08
190,52.5,62.6,78.1,2.22,58.38,34.57,8.04
129,27.3,82.8,69.7,0.94,86.57,12.13,24.42
121,61.6,66.4,42.7,2.45,57.3,34.93,7.09
27,42.7,94.2,84.6,2.06,91.13,8.55,29.08
190,34.6,60.7,89.3,0.73,80.38,17.39,19.84
121,28.8,81.2,26.4,1.63,87.59,10.98,24.29
116,32.3,61.6,40.3,2.47,86.56,12.67,25.26
3,62.4,85.6,84.1,1.44,92.7,8.08,33.32
103,50.5,71.3,67.7,0.86,74.1,22.43,15.79
198,45.7,43.5,13.8,1.47,77.9,18.61,16.89
155,51.3,42.0,72.5,1.52,77.47,19.1,17.35
137,42.4,47.4,76.2,1.98,84.77,13.18,21.09
62,54.2,40.8,70.0,1.9,86.82,12.18,24.72
165,26.9,44.1,74.0,1.31,90.22,9.06,26.46
51,47.6,78.0,76.0,0.94,86.12,12.56,24.29
172,31.3,69.4,24.9,1.79,83.14,14.83,20.84
152,29.8,81.2,28.9,1.34,84.28,13.7,21.56
59,38.7,90.2,60.7,0.76,86.91,12.18,24.9
118,28.7,72.2,82.6,2.3,88.14,10.83,25.28
160,28.8,79.9,35.3,1.88,83.73,14.42,22.25
96,37.5,81.6,57.1,1.87,85.49,12.61,22.55
